Size,Type,PushHeavyMeanMs,PushHeavyStdMs,MixedMeanMs,MixedStdMs,PopHeavyMeanMs,PopHeavyStdMs
0,std::queue,0.309874,0.12358,0.390929,0.0663379,0.246074,0.0447703
0,ExpandingRingBuffer,0.514484,0.260725,0.385946,0.107082,0.241208,0.0734252
0,ShiftToMiddleArray,0.333701,0.125142,0.328583,0.0297562,0.211795,0.0304671
100,std::queue,0.242781,0.0367104,0.354647,0.0370686,0.219271,0.0320632
100,ExpandingRingBuffer,0.385848,0.0333957,0.333385,0.0286916,0.199374,0.0510253
100,ShiftToMiddleArray,0.274574,0.0997574,0.31513,0.0216095,0.190407,0.0152712
1000,std::queue,0.227416,0.0308931,0.324444,0.0210553,0.194044,0.0110658
1000,ExpandingRingBuffer,0.315803,0.00653273,0.310226,0.0134373,0.178516,0.00417148
1000,ShiftToMiddleArray,0.193194,0.00488369,0.291756,0.00887205,0.185069,0.00801039
10000,std::queue,0.208451,0.00782313,0.317848,0.00727756,0.198074,0.0085718
10000,ExpandingRingBuffer,0.394666,0.0419431,0.328512,0.0661668,0.182938,0.00513137
10000,ShiftToMiddleArray,0.201207,0.0172931,0.304586,0.0299936,0.182228,0.0098844
50000,std::queue,0.247972,0.0410764,0.466276,0.328435,0.306654,0.100861
50000,ExpandingRingBuffer,0.531544,0.129531,0.412781,0.20931,0.24356,0.0700755
50000,ShiftToMiddleArray,0.307265,0.152369,0.343023,0.0561661,0.190749,0.0108397
100000,std::queue,0.233842,0.0634199,0.351507,0.0752189,0.210973,0.00982824
100000,ExpandingRingBuffer,0.199727,0.00957173,0.326955,0.0235728,0.236071,0.0980506
100000,ShiftToMiddleArray,0.339022,0.0738248,0.308315,0.0217555,0.186155,0.0190068
500000,std::queue,0.228069,0.0247736,0.333681,0.0216892,0.219102,0.0179718
500000,ExpandingRingBuffer,0.340483,0.0104589,0.321107,0.0112175,0.205883,0.0140152
500000,ShiftToMiddleArray,0.785594,0.103204,0.315747,0.026514,0.189586,0.00925586
1000000,std::queue,0.253969,0.0551549,0.334084,0.0171011,0.223683,0.0152463
1000000,ExpandingRingBuffer,0.224658,0.0172142,0.332319,0.0190747,0.207873,0.0114454
1000000,ShiftToMiddleArray,0.205898,0.00745166,0.311674,0.019985,0.188648,0.00593181
